Price Date,State_Mean,State_std,State_Mean_LogReturns,State_Mean_Squared_LogReturns,State_Mean_LogReturns_CondVol,State,Crop
2012-01-01,2269.7138889444445,61.99301362833676,,,,Madhya Pradesh,soybean
2012-02-01,2313.9407407222225,296.0387379639819,0.0192982359841833,0.0003724219121012,0.1042630340195575,Madhya Pradesh,soybean
2012-03-01,2702.629629611112,172.76018629058535,0.1552732165132786,0.0241097717663795,0.0972653466213711,Madhya Pradesh,soybean
2012-04-01,3228.210185166666,231.55148835991,0.1777026254782052,0.0315782231018472,0.0966395586505645,Madhya Pradesh,soybean
2012-05-01,3192.564814833333,161.2123066580801,-0.0111032504754646,0.0001232821711209,0.177414722629153,Madhya Pradesh,soybean
2012-06-01,3506.523941833333,307.11097413931225,0.0938006058778349,0.0087985536630489,0.1979491852012106,Madhya Pradesh,soybean
2012-07-01,4192.763888888889,128.4358994919111,0.1787349390055457,0.0319461784213161,0.111871013415095,Madhya Pradesh,soybean
2012-08-01,4093.689814833333,266.19130342101187,-0.0239134372473408,0.0005718524809825,0.1419745688715986,Madhya Pradesh,soybean
2012-09-01,2925.6944443888888,389.3430889537957,-0.3359148491832702,0.1128387859018191,0.2087454213326257,Madhya Pradesh,soybean
2012-10-01,3044.5440476111107,64.81716014254545,0.0398192825012682,0.0015855752589158,0.1288136035790685,Madhya Pradesh,soybean
2012-11-01,3068.3157407222225,40.18326091295727,0.0077776405043206,6.049169181444864e-05,0.094160283391572,Madhya Pradesh,soybean
2012-12-01,3145.6070106111106,58.0133537067974,0.0248780872765959,0.0006189192265419,0.09353138913772,Madhya Pradesh,soybean
2013-01-01,3109.938425888889,49.63979146974436,-0.0114039524265745,0.0001300501309475,0.0893769011746188,Madhya Pradesh,soybean
2013-02-01,3142.187037,43.4223990868414,0.0103161388237555,0.0001064227202309,0.0979512674190354,Madhya Pradesh,soybean
2013-03-01,3302.6944444444443,449.6331881189651,0.0498195675661694,0.0024819893124801,0.0906554158593422,Madhya Pradesh,soybean
2013-04-01,3715.689814777778,95.949156296631,0.1178257109519833,0.0138828981613403,0.0944187768060373,Madhya Pradesh,soybean
2013-05-01,3490.607407388889,435.8530727755128,-0.0624885812849829,0.0039048227910099,0.1199799825420293,Madhya Pradesh,soybean
2013-06-01,3451.2824074444443,106.44120103710078,-0.0113298890244131,0.0001283663853055,0.1590284705101314,Madhya Pradesh,soybean
2013-07-01,3001.3009259444443,234.51335076532612,-0.1397000376240242,0.0195161005121537,0.0982151261381287,Madhya Pradesh,soybean
2013-08-01,3314.712037055556,218.81876865708276,0.0993249165607128,0.0098654390497925,0.099930092213643,Madhya Pradesh,soybean
2013-09-01,3153.1818782222226,112.46977632086217,-0.0499586901346855,0.0024958707199735,0.0801169792130677,Madhya Pradesh,soybean
2013-10-01,3373.5806878333333,191.43318883163303,0.0675626358556584,0.0045647097637643,0.1052113362020715,Madhya Pradesh,soybean
2013-11-01,3527.920634944445,153.76163996774414,0.0447339431916997,0.0020011256734782,0.0725647686076605,Madhya Pradesh,soybean
2013-12-01,3516.583333333333,165.08358573091928,-0.003218767836735,1.0360466386799878e-05,0.0897033498788296,Madhya Pradesh,soybean
2014-01-01,3455.5998677222224,145.55359344089675,-0.017493809067389,0.0003060333556862,0.0920861176958096,Madhya Pradesh,soybean
2014-02-01,3650.084259222222,124.63194835783436,0.054754186823029,0.0029980209746511,0.079711873905227,Madhya Pradesh,soybean
2014-03-01,3628.8796296111113,522.2670276396688,-0.0058262933897594,3.3945694663555067e-05,0.0801294222229769,Madhya Pradesh,soybean
2014-04-01,4163.414351833333,367.5291882399512,0.1374115366314292,0.0188819303994106,0.0996602225813336,Madhya Pradesh,soybean
2014-05-01,4088.7787037222224,208.85542607588667,-0.0180891752717027,0.0003272182620103,0.0885348689351661,Madhya Pradesh,soybean
2014-06-01,3811.427248666667,213.81618336048115,-0.0702425950757614,0.0049340221629773,0.1411719421034609,Madhya Pradesh,soybean
2014-07-01,3689.3564815,171.83146489730854,-0.0325516773542133,0.0010596116985728,0.090714230645813,Madhya Pradesh,soybean
2014-08-01,3353.796296277778,186.46298869796192,-0.0953591205921426,0.0090933618801068,0.0834971879542512,Madhya Pradesh,soybean
2014-09-01,2870.5203703888888,369.035924888946,-0.1555995999336845,0.0242112354995226,0.0801520062388496,Madhya Pradesh,soybean
2014-10-01,2931.968452333333,207.38902682625636,0.0211806971288117,0.0004486219308624,0.0693145423910896,Madhya Pradesh,soybean
2014-11-01,3037.8777777777777,95.32312623420262,0.0354851480287177,0.00125919573062,0.0458810599953616,Madhya Pradesh,soybean
2014-12-01,3196.412698333333,96.42328328797592,0.0508699769906684,0.0025877545590311,0.0474966345622268,Madhya Pradesh,soybean
2015-01-01,3106.814682555556,105.42418130213336,-0.028431165714883,0.0008083311839071,0.0621587460271153,Madhya Pradesh,soybean
2015-02-01,3087.9268518333333,94.09078348444169,-0.0060980394896894,3.7186085617812034e-05,0.0759040772066358,Madhya Pradesh,soybean
2015-03-01,3039.787037055556,124.39752097588116,-0.0157124846400442,0.0002468821735636,0.0539667902181718,Madhya Pradesh,soybean
2015-04-01,3673.768518555555,114.4634247740089,0.1894305201514559,0.0358839219648511,0.0542220347108851,Madhya Pradesh,soybean
2015-05-01,3588.7592592222227,113.7312489281396,-0.0234114469968744,0.0005480958504874,0.0639649301801962,Madhya Pradesh,soybean
2015-06-01,3212.695634888889,351.0528143912906,-0.1106961861316815,0.0122536456240998,0.2080018689441116,Madhya Pradesh,soybean
2015-07-01,3010.6055555000003,94.43998313887496,-0.0649691066312243,0.0042209848164594,0.0666319839474968,Madhya Pradesh,soybean
2015-08-01,3088.953703666667,113.36821099806862,0.0256911865858757,0.0006600370681902,0.0634934826373666,Madhya Pradesh,soybean
2015-09-01,3208.6641092777777,240.3640521318691,0.0380222588454053,0.001445692167707,0.0530678734915616,Madhya Pradesh,soybean
2015-10-01,3350.0583333888885,421.1346660403528,0.0431230734502054,0.0018595994637918,0.059492678728698,Madhya Pradesh,soybean
2015-11-01,3346.391366833333,197.7517896627434,-0.0010951973317929,1.19945719556645e-06,0.0723564248970203,Madhya Pradesh,soybean
2015-12-01,3384.9337301666665,132.55408898912077,0.0114517673683423,0.0001311429758586,0.077825593533316,Madhya Pradesh,soybean
2016-01-01,3373.546296333333,178.67358336444562,-0.0033698241512052,1.1355714810046092e-05,0.0658377346559459,Madhya Pradesh,soybean
2016-02-01,3294.989814833333,289.65921250136427,-0.0235614276705522,0.0005551408738746,0.06973396297877,Madhya Pradesh,soybean
2016-03-01,3313.125925944444,746.909115615098,0.0054890553854907,3.0129729024984622e-05,0.0709321437363651,Madhya Pradesh,soybean
2016-04-01,3525.222222222222,396.3395564073317,0.0620513438047929,0.0038503692679806,0.0670911242339991,Madhya Pradesh,soybean
2016-05-01,3456.211111111112,307.05073637141527,-0.0197705415752338,0.000390874314178,0.0708275264373768,Madhya Pradesh,soybean
2016-06-01,3463.913888888889,86.57576933854949,0.0022261970582881,4.955953342331004e-06,0.0982084301944069,Madhya Pradesh,soybean
2016-07-01,3369.464814833333,154.48074533595903,-0.0276452084273639,0.0007642575489923,0.0726877291468841,Madhya Pradesh,soybean
2016-08-01,3082.482407444445,84.24616205784865,-0.0890186742941576,0.0079243243730893,0.0742599426781012,Madhya Pradesh,soybean
2016-09-01,2805.8018518333333,131.61706766013364,-0.0940458854996686,0.0088446285794167,0.0738965206368439,Madhya Pradesh,soybean
2016-10-01,2772.4047619444445,107.76036078710888,-0.0119742746186775,0.0001433832526435,0.0615434787261832,Madhya Pradesh,soybean
2016-11-01,2778.003703666667,77.13499798824819,0.0020174888590664,4.070261296457433e-06,0.0464436282525462,Madhya Pradesh,soybean
2016-12-01,2770.594444444445,72.32350180496887,-0.0026706794863642,7.132528918886738e-06,0.0430472299322793,Madhya Pradesh,soybean
2017-01-01,2764.075042111111,87.94688180961002,-0.0023558426982459,5.549994818878796e-06,0.0448341417182284,Madhya Pradesh,soybean
2017-02-01,2695.214880944444,81.35114331636194,-0.0252281209885243,0.0006364580886116,0.0460633396713959,Madhya Pradesh,soybean
2017-03-01,2703.083333333333,91.08455320927548,0.0029151623896455,8.498171758003716e-06,0.0479866725866581,Madhya Pradesh,soybean
2017-04-01,2744.0138888888887,132.45870035045212,0.01502867463814,0.000225861061379,0.0443594958863503,Madhya Pradesh,soybean
2017-05-01,2593.7185185,96.26355860392384,-0.0563292039218286,0.0031729792144669,0.0449636192896195,Madhya Pradesh,soybean
2017-06-01,2668.722222222222,121.3231196893162,0.0285072219282005,0.0008126617020636,0.0536570762889275,Madhya Pradesh,soybean
2017-07-01,2756.9694445,92.72639095357373,0.0325322596946726,0.0010583479208416,0.0426405157485418,Madhya Pradesh,soybean
2017-08-01,2850.093430333333,62.9020338549201,0.0332197272160197,0.0011035502763067,0.0492032563388216,Madhya Pradesh,soybean
2017-09-01,2671.9814814444444,152.11835356263327,-0.0645314512630781,0.004164308202119,0.058671343639513,Madhya Pradesh,soybean
2017-10-01,2400.592592611111,202.59349706282632,-0.1071047045895241,0.0114714177452092,0.0652369210850848,Madhya Pradesh,soybean
2017-11-01,2639.377116388889,105.3154016806991,0.0948273280943201,0.0089922221535078,0.0500580172725309,Madhya Pradesh,soybean
2017-12-01,2746.712963,109.5329880875632,0.0398619620143438,0.0015889760156329,0.0392323829452734,Madhya Pradesh,soybean
2018-01-01,3419.552777777777,172.51622796109913,0.219104865219772,0.0480069419629744,0.0717595968338365,Madhya Pradesh,soybean
2018-02-01,3358.2502645,189.4326600629029,-0.018089692069914,0.0003272369591843,0.0688066195919923,Madhya Pradesh,soybean
2018-03-01,3336.949074111111,343.46730029944035,-0.0063631450490433,4.0489614915164765e-05,0.1558290688105043,Madhya Pradesh,soybean
2018-04-01,3320.9870370555554,117.76546224688006,-0.0047948996118449,2.299106228767117e-05,0.0577976633182331,Madhya Pradesh,soybean
2018-05-01,3302.7638888888887,106.06066955169145,-0.0055023790440351,3.027617514423735e-05,0.0591211408722117,Madhya Pradesh,soybean
2018-06-01,3234.7074073333333,202.69796288897444,-0.0208211821106285,0.0004335216244839,0.0600095700660166,Madhya Pradesh,soybean
2018-07-01,3247.2022707222222,77.26176677352986,0.0038553079218388,1.486339917219345e-05,0.0608544118943625,Madhya Pradesh,soybean
2018-08-01,2979.065806888889,194.9508013938602,-0.0861840220799097,0.0074276856618703,0.0577732879419588,Madhya Pradesh,soybean
2018-09-01,2897.1296296666665,154.6424010595752,-0.0278892997882822,0.0007778130426806,0.0624674110789567,Madhya Pradesh,soybean
2018-10-01,3041.1093674444446,49.85746493105888,0.0485019083908699,0.0023524351175563,0.0492703373852745,Madhya Pradesh,soybean
2018-11-01,3157.0356241111112,66.29373179780308,0.0374111213266807,0.0013995919989196,0.044526496742327,Madhya Pradesh,soybean
2018-12-01,3157.177248666667,72.94285748327769,4.485897401096395e-05,2.0123275493163392e-09,0.0633212494922181,Madhya Pradesh,soybean
2019-01-01,3625.962698444445,116.54033662176826,0.1384414723814178,0.0191660412751348,0.0650350601977962,Madhya Pradesh,soybean
2019-02-01,3449.2679012222225,44.06217260817905,-0.0499578190524765,0.0024957836844799,0.0615046897572216,Madhya Pradesh,soybean
2019-03-01,3494.990740722222,92.26091009127708,0.0131687204087835,0.0001734151972047,0.1321377352658167,Madhya Pradesh,soybean
2019-04-01,3463.8425925555557,147.29728820176166,-0.0089521776700713,8.014148503652488e-05,0.0595067148693404,Madhya Pradesh,soybean
2019-05-01,3552.6117724444443,184.21422748748003,0.0253044948131648,0.0006403174577494,0.0604174397463241,Madhya Pradesh,soybean
2019-06-01,3447.5159258888893,158.016047359713,-0.0300290933108904,0.0009017464450741,0.060662079337798,Madhya Pradesh,soybean
2019-07-01,3365.5761905000004,121.91307753404485,-0.0240547713227723,0.0005786320233908,0.0707517254819252,Madhya Pradesh,soybean
2019-08-01,3521.952513166666,86.01658406470608,0.0454163481671621,0.0020626446808408,0.0613192347133184,Madhya Pradesh,soybean
2019-09-01,3759.2680555555553,154.91052992304986,0.0652087453100378,0.0042521804649093,0.0588706422206182,Madhya Pradesh,soybean
2019-10-01,3417.181138777778,126.75800686225035,-0.0954082895923029,0.0091027417229287,0.0784354246757649,Madhya Pradesh,soybean
2019-11-01,3617.659788277778,155.30314481386807,0.0570113666770453,0.0032502959303845,0.0990026176705357,Madhya Pradesh,soybean
2019-12-01,4088.652861944444,162.4176543718075,0.1223881927305985,0.0149788697198621,0.0601190046532182,Madhya Pradesh,soybean
2020-01-01,3798.251543222223,138.30470210403138,-0.0736747015517167,0.0054279616487345,0.0769324376669804,Madhya Pradesh,soybean
2020-02-01,3478.315630444444,174.1849048994806,-0.0879926782662998,0.0077427114284765,0.1368470899505842,Madhya Pradesh,soybean
2020-03-01,3361.412037055556,176.87086049699178,-0.0341870275547186,0.001168752853027,0.0638423351018545,Madhya Pradesh,soybean
2020-04-01,3481.814814833333,345.03721345166684,0.0351925215497548,0.0012385135730299,0.0562945422931388,Madhya Pradesh,soybean
2020-05-01,3610.371296333333,158.22519056015793,0.036256962857152,0.0013145673556249,0.0516744239118057,Madhya Pradesh,soybean
2020-06-01,3442.634656111112,96.66875624608228,-0.0475735525789229,0.0022632429049795,0.0639571171289813,Madhya Pradesh,soybean
2020-07-01,3485.2981481666666,301.7188189978967,0.0123165257475186,0.0001516968064892,0.0723412915504378,Madhya Pradesh,soybean
2020-08-01,3692.3027777777775,147.90659111973508,0.0576967300325872,0.0033289126564532,0.0543367565846714,Madhya Pradesh,soybean
2020-09-01,3372.7185185,249.99202411142173,-0.0905312212082911,0.0081959020134645,0.0585248929096229,Madhya Pradesh,soybean
2020-10-01,3772.467592611111,251.30439823022147,0.1120102199765078,0.0125462893791856,0.08906346765996,Madhya Pradesh,soybean
2020-11-01,3955.001851833333,192.544780916481,0.0472517482502166,0.0022327277127018,0.0539552044158092,Madhya Pradesh,soybean
2020-12-01,4121.586199277777,176.65913794268778,0.0412570196473396,0.0017021416701809,0.0795982161355873,Madhya Pradesh,soybean
2021-01-01,4213.802777777778,196.62711413635856,0.0221274235276407,0.0004896228719715,0.0752136048633202,Madhya Pradesh,soybean
2021-02-01,4740.661111111111,220.691849604772,0.1178110882788558,0.0138794525214483,0.0727772648240778,Madhya Pradesh,soybean
2021-03-01,5069.379629611111,799.0543403875519,0.0670418481937034,0.0044946094092275,0.0776482788780787,Madhya Pradesh,soybean
2021-04-01,6587.444444444444,482.993383003009,0.261947031258078,0.0686162471849205,0.1328880249732692,Madhya Pradesh,soybean
2021-05-01,6553.074074055556,1032.369380470304,-0.0052312165187444,2.736562626598506e-05,0.1206341402208045,Madhya Pradesh,soybean
2021-06-01,6820.331217,188.6728493760772,0.0399737723863697,0.0015979024787972,0.1846736342813242,Madhya Pradesh,soybean
2021-07-01,9312.62314811111,527.9130293704503,0.3114627713578564,0.0970090579419163,0.0983112329602686,Madhya Pradesh,soybean
2021-08-01,8102.4435185,359.7137633524119,-0.1392051224403996,0.0193780661136466,0.1266157416903826,Madhya Pradesh,soybean
2021-09-01,4834.331481555555,366.4758106250492,-0.5164228322733386,0.2666925416932168,0.3607937385046587,Madhya Pradesh,soybean
2021-10-01,5031.048148111111,219.160985570124,0.0398854888870889,0.001590852223762,0.1098294958950372,Madhya Pradesh,soybean
2021-11-01,5774.533597888889,379.2525526219359,0.1378291491262544,0.0189968743488672,0.0793986310875573,Madhya Pradesh,soybean
2021-12-01,5943.695767166667,158.3285959291891,0.0288736320475475,0.0008336866276171,0.0905518876165412,Madhya Pradesh,soybean
2022-01-01,5903.087808611111,134.54025667041577,-0.0068555515239623,4.699858669770227e-05,0.1499822598191608,Madhya Pradesh,soybean
2022-02-01,7030.394841277778,299.55810557965367,0.1747672980345687,0.0305436084623037,0.0969213286441958,Madhya Pradesh,soybean
2022-03-01,6875.430555555556,662.5365912617978,-0.0222886015799215,0.0004967817603884,0.1002125460664668,Madhya Pradesh,soybean
2022-04-01,6928.408333333334,216.88984210264115,0.0076758412378463,5.89185387086229e-05,0.183864870532167,Madhya Pradesh,soybean
2022-05-01,6273.086243388889,443.3660221973171,-0.0993616517237665,0.009872737833275,0.0992116903080026,Madhya Pradesh,soybean
2022-06-01,6103.828703666667,208.38163413687357,-0.0273522267441919,0.0007481443078656,0.1032820836995428,Madhya Pradesh,soybean
2022-07-01,5633.103703666667,985.834300784582,-0.0802556608568316,0.0064409710995667,0.0865587730693783,Madhya Pradesh,soybean
2022-08-01,5131.653703666667,206.39104922305307,-0.0932326031421091,0.008692318288654,0.0808540985120487,Madhya Pradesh,soybean
2022-09-01,4360.163359722222,349.1989982109605,-0.1629184421400271,0.0265424187893333,0.0709150791805928,Madhya Pradesh,soybean
2022-10-01,4695.754365055555,300.01090886670323,0.0741492494015201,0.0054981111868088,0.060357808990574,Madhya Pradesh,soybean
2022-11-01,5130.108796333334,293.3683136152306,0.088468092933283,0.007826603467252,0.0397471098331018,Madhya Pradesh,soybean
2022-12-01,5250.8151235000005,258.4669396163622,0.0232564593506996,0.0005408629015307,0.0602513656333463,Madhya Pradesh,soybean
2023-01-01,5080.576984055555,270.3367811680956,-0.0329584914915237,0.0010862621613968,0.0916362815776443,Madhya Pradesh,soybean
2023-02-01,5079.678306888888,79.34129461550974,-0.0001769005095404,3.129379027566915e-08,0.0558265490499062,Madhya Pradesh,soybean
2023-03-01,5057.962962944444,218.73175095911256,-0.0042841084191671,1.835358494717889e-05,0.0508575080689449,Madhya Pradesh,soybean
2023-04-01,4892.379629611111,211.95266885312705,-0.0332850088082832,0.0011078918113674,0.0517335249821674,Madhya Pradesh,soybean
2023-05-01,4809.208201111111,264.20353295735,-0.0171463615287343,0.000293997713674,0.0538824552204284,Madhya Pradesh,soybean
2023-06-01,4635.827248722222,410.1297341979193,-0.0367177936323805,0.00134819636923,0.0494014056373289,Madhya Pradesh,soybean
2023-07-01,4759.078439111111,225.8661166909361,0.0262393824895461,0.0006885051934327,0.0476273825687869,Madhya Pradesh,soybean
2023-08-01,4642.675926,340.3058388802718,-0.0247631360750997,0.0006132129082739,0.0426395555407647,Madhya Pradesh,soybean
2023-09-01,4158.35092588889,376.20416790472257,-0.1101723245603523,0.0121379410990316,0.0509023486735497,Madhya Pradesh,soybean
2023-10-01,4553.504276944444,275.829434210114,0.0907785236553664,0.0082407403570479,0.046254186859849,Madhya Pradesh,soybean
2023-11-01,4649.6470237777785,253.42287148399495,0.0208942005624734,0.0004365676171448,0.0339709701132576,Madhya Pradesh,soybean
2023-12-01,4325.386574055556,244.7716527651482,-0.0722897901789512,0.0052258137641167,0.0600431431889645,Madhya Pradesh,soybean
2024-01-01,4232.750749499999,73.62615900703386,-0.0216494405762635,0.0004686982772651,0.0438354529656122,Madhya Pradesh,soybean
2024-02-01,4288.044245944443,144.2994491197398,0.0129786651679086,0.0001684457495406,0.033937265025503,Madhya Pradesh,soybean
2024-03-01,4321.212962944444,218.77139261780192,0.0077053990387447,5.937317434628908e-05,0.0302521945687585,Madhya Pradesh,soybean
2024-04-01,4394.614514166667,148.08921011770937,0.0168436758986789,0.0002837094177797,0.0335511116674034,Madhya Pradesh,soybean
2024-05-01,4419.412514,122.13082202099692,0.0056269546677949,3.166261883341935e-05,0.0358972512672074,Madhya Pradesh,soybean
2024-06-01,4358.977777777778,164.0047999629704,-0.0137691966369253,0.0001895907760263,0.0428208329341057,Madhya Pradesh,soybean
2024-07-01,4184.442443666667,64.65898207614896,-0.0408641074879359,0.0016698752807855,0.0432927923039558,Madhya Pradesh,soybean
2024-08-01,4377.091259611111,120.6422934378302,0.0450109400536469,0.0020259847245129,0.0442781598823384,Madhya Pradesh,soybean
2024-09-01,4123.027192722222,184.1000028060845,-0.0597967587238912,0.0035756523538832,0.039151098776312,Madhya Pradesh,soybean
2024-10-01,4158.500000000001,157.81537107497118,0.0085667832507514,7.338977526535544e-05,0.0563160822807894,Madhya Pradesh,soybean
2012-01-01,1246.1111111166667,197.49980464902043,,,,Odisha,brinjal
2012-02-01,1237.5,361.0603596814989,-0.0069343751797026,4.808555913287594e-05,0.2894890410364829,Odisha,brinjal
2012-03-01,1155.5555555,447.7739867588349,-0.0685119866976773,0.0046938923212627,0.2349401201146551,Odisha,brinjal
2012-04-01,1045.8333333333333,134.17701823420515,-0.0997672129732381,0.0099534967844474,0.3427728976239843,Odisha,brinjal
2012-05-01,1337.5,405.1105816111613,0.2459881839982314,0.0605101866667477,0.2678920596931628,Odisha,brinjal
2012-06-01,2637.5,301.29926982984875,0.6790292990141609,0.4610807889196627,0.3625337178277149,Odisha,brinjal
2012-07-01,1605.5555555,449.4767190314028,-0.4963616616145652,0.2463748991207721,0.367913164219035,Odisha,brinjal
2012-08-01,2069.4444445,270.0594356363698,0.2538103497686297,0.0644196936496741,0.2703087195615617,Odisha,brinjal
2012-09-01,1703.888888833333,386.80393473324887,-0.1943669667588592,0.0377785177670394,0.2426731752097212,Odisha,brinjal
2012-10-01,1741.6666666666667,494.4834566382265,0.0219292889853743,0.000480893715404,0.2943873770454924,Odisha,brinjal
2012-11-01,1772.2222221666668,530.3664584418244,0.0173917426805214,0.0003024727134654,0.1861785205083383,Odisha,brinjal
2012-12-01,1286.8055555,446.4392083839462,-0.3200714181911461,0.1024457127428915,0.3059990571161646,Odisha,brinjal
2013-01-01,1283.333333283333,339.25299194974224,-0.0027019740795184,7.300663926389539e-06,0.3496988090737645,Odisha,brinjal
2013-02-01,1193.0555555,233.55231128250745,-0.0729431496650327,0.0053207030830553,0.1956669404688107,Odisha,brinjal
2013-03-01,1161.111111166667,311.5696026146594,-0.0271403088051416,0.0007365963620384,0.3997208030520819,Odisha,brinjal
2013-04-01,1108.3333333333333,296.03866113886016,-0.0465200156827396,0.0021641118591223,0.2157035668196902,Odisha,brinjal
2013-05-01,2125.0,523.2112384114088,0.6509144169366721,0.4236895781760078,0.3912729721245217,Odisha,brinjal
2013-06-01,1923.3333333333333,596.3896004756921,-0.099712010524481,0.0099424850428342,0.3751228312519115,Odisha,brinjal
2013-07-01,2693.0555555,790.1947818135736,0.336616651360023,0.1133107699728353,0.2099490321588455,Odisha,brinjal
2013-08-01,2211.1111111666664,751.6596862211804,-0.197181288792569,0.0388804606498985,0.4798052029993366,Odisha,brinjal
2013-09-01,1754.1666666666667,587.2635457971338,-0.2315012440789621,0.0535928260101071,0.1715208018163367,Odisha,brinjal
2013-10-01,2958.333333333333,548.0394349152461,0.5226321363529793,0.2731443499488792,0.558949854493481,Odisha,brinjal
2013-11-01,2500.0,969.5359714832658,-0.168335314819215,0.0283367782152842,0.1612589731727744,Odisha,brinjal
2013-12-01,1662.5,475.6026878253178,-0.4079682383262826,0.1664380834830505,0.4494667363178408,Odisha,brinjal
2014-01-01,1483.3333333333333,452.2321183738378,-0.1140306860378332,0.0130029973582589,0.192605918778962,Odisha,brinjal
2014-02-01,1768.0555555500002,446.7064831727828,0.175588579034124,0.0308313490872228,0.3187767334935798,Odisha,brinjal
2014-03-01,1048.6111111166667,455.8370573305969,-0.5224138492999408,0.2729162299403813,0.2042316142561359,Odisha,brinjal
2014-04-01,1216.6666666666667,585.531572353039,0.148648341682068,0.0220963294848288,0.6724024348694178,Odisha,brinjal
2014-05-01,1164.5833333333333,402.3638917558196,-0.043751509673128,0.0019141945986778,0.0825761180220177,Odisha,brinjal
2014-06-01,2502.7777778333334,1067.465701813626,0.7650378569272176,0.5852829225317898,0.5949354873422222,Odisha,brinjal
2014-07-01,3154.1666666666665,502.16544971641457,0.231323103915078,0.0535103784049059,0.1535894907242177,Odisha,brinjal
2014-08-01,2322.2222221666666,599.5111176256785,-0.3061997484848353,0.0937582859721764,0.3370771275259561,Odisha,brinjal
2014-09-01,2475.0,433.7337893224368,0.0637158144100311,0.0040597050059335,0.1785220944476287,Odisha,brinjal
2014-10-01,2236.1111111666664,373.2262578719824,-0.1015021500274011,0.010302686460185,0.2034095363393773,Odisha,brinjal
2014-11-01,1779.1666666666667,361.8288806727413,-0.2285931561066192,0.0522548310187851,0.2674658783088741,Odisha,brinjal
2014-12-01,1456.9444444499998,347.7579200839224,-0.1998036934966238,0.0399215159348928,0.2481249114101594,Odisha,brinjal
2015-01-01,1481.9444445,335.5625689252819,0.0170136429391307,0.0002894640460602,0.2509574954719794,Odisha,brinjal
2015-02-01,1266.6666666666667,278.2634642844,-0.1569662612649098,0.0246384071754839,0.1845688581337887,Odisha,brinjal
2015-03-01,2093.0555555,458.0659993626114,0.5022362085256216,0.2522412091541916,0.3796731722923344,Odisha,brinjal
2015-04-01,1791.6666666666667,373.7943582000967,-0.1554787012442346,0.0241736265405939,0.2130210354407889,Odisha,brinjal
2015-05-01,2108.333333333333,560.8153786130413,0.162751460599857,0.0264880379273868,0.2668266851416681,Odisha,brinjal
2015-06-01,2054.1666666666665,626.2348911461967,-0.0260274952447758,0.0006774305087168,0.1995773552229531,Odisha,brinjal
2015-07-01,2654.1666666666665,740.8976975389508,0.2562604815294733,0.0656694343937175,0.2515463334201967,Odisha,brinjal
2015-08-01,2044.4444445,520.764810224252,-0.2610046449242773,0.068123424672048,0.2727078473164698,Odisha,brinjal
2015-09-01,1815.277777666667,226.3036648087348,-0.118887585752982,0.0141342580461726,0.2697211427452659,Odisha,brinjal
2015-10-01,2426.3888888333336,636.5127917496685,0.2901655965481469,0.0841960734201419,0.2195072865217882,Odisha,brinjal
2015-11-01,1924.4444445,381.0459128695227,-0.2317667722741214,0.0537158367303644,0.3137729448204748,Odisha,brinjal
2015-12-01,2480.5555556666664,443.93199617831584,0.2538452236441983,0.064437397566973,0.2085822637638756,Odisha,brinjal
2016-01-01,2008.3333333333333,272.97232256932,-0.2111773587625274,0.0445958768539172,0.2849892318178453,Odisha,brinjal
2016-02-01,1535.0,670.6650927748266,-0.2687748096694484,0.0722398983128482,0.2142719304130691,Odisha,brinjal
2016-03-01,2392.361111,528.5506950184393,0.4437504097921083,0.196914426190664,0.3244129994438755,Odisha,brinjal
2016-04-01,1994.4444445,549.3823692728965,-0.1819152532053447,0.0330931593487646,0.1962180265212652,Odisha,brinjal
2016-05-01,1539.5833333333333,388.1323245864597,-0.2588537205796584,0.0670052486579318,0.2579248682045279,Odisha,brinjal
2016-06-01,2373.6111111666664,545.4444473035637,0.4329006540826299,0.1874029763051687,0.2192374604603563,Odisha,brinjal
2016-07-01,2358.333333333333,688.8496852644189,-0.0064573162677037,4.169693338115134e-05,0.2731371602202652,Odisha,brinjal
2016-08-01,2400.0,876.0707733967616,0.0175135824927084,0.0003067255717289,0.1156641707848387,Odisha,brinjal
2016-09-01,2097.2222221666666,666.348303488063,-0.1348550195815212,0.0181858763063324,0.2620666637121077,Odisha,brinjal
2016-10-01,2088.8888888333336,236.4213647074297,-0.0039814252992904,1.5851747413830162e-05,0.2019505337059161,Odisha,brinjal
2016-11-01,1816.6666666666667,477.5516260631467,-0.1396289724660455,0.0194962499519237,0.2056504324417641,Odisha,brinjal
2016-12-01,1502.7777778333332,486.5236344363175,-0.1896880725737482,0.0359815648767435,0.2924377422609437,Odisha,brinjal
2017-01-01,1275.0,282.4741876113049,-0.1643690688229053,0.0270171907857089,0.2168872593616494,Odisha,brinjal
2017-02-01,1200.0,513.9714648369759,-0.0606246218164345,0.0036753447703857,0.2878194997700815,Odisha,brinjal
2017-03-01,1808.3333333333333,758.5164614049073,0.410084053964459,0.1681689313159253,0.1928881733318395,Odisha,brinjal
2017-04-01,1558.3333333333333,339.62806453858053,-0.1487887366858729,0.022138088164578,0.4429837102093892,Odisha,brinjal
2017-05-01,1575.0,431.80821360105386,0.0106383982050557,0.0001131755163693,0.118189733670247,Odisha,brinjal
2017-06-01,2454.1666666666665,653.263708024732,0.4435319880319985,0.1967206244076169,0.3203254118174002,Odisha,brinjal
2017-07-01,3691.1111111666655,689.045681071623,0.4081402665543852,0.1665784771830845,0.2475809780481777,Odisha,brinjal
2017-08-01,2683.333333333333,421.9662967057387,-0.3188677241016178,0.1016766254737454,0.2587174463185798,Odisha,brinjal
2017-09-01,1600.0,637.7042156569664,-0.517056173516627,0.2673470865716563,0.2243010386606107,Odisha,brinjal
2017-10-01,3163.8888890000003,731.0834595712325,0.681798302786409,0.4648489256824278,0.354342783009584,Odisha,brinjal
2017-11-01,2800.0,1171.537451385998,-0.1221825148509863,0.0149285669353114,0.146047257451379,Odisha,brinjal
2017-12-01,2379.1666666666665,759.9913193948702,-0.162869130867139,0.0265263537894172,0.1989751128726404,Odisha,brinjal
2018-01-01,1963.888888833333,344.59002302028927,-0.1918236518958904,0.0367963134266757,0.1701311551591431,Odisha,brinjal
2018-02-01,1341.6666666666667,361.0363170405745,-0.3810140122157115,0.1451716775047143,0.2197705283956814,Odisha,brinjal
2018-03-01,1869.4444443333332,495.1072336516581,0.3317286759327196,0.1100439144360753,0.2166773560270082,Odisha,brinjal
2018-04-01,2130.5555555,583.2870351518492,0.1307414717558881,0.0170933324368956,0.1473502143403336,Odisha,brinjal
2018-05-01,1934.4444445,511.0869560305447,-0.0965625934184277,0.0093243344476925,0.1468523285624788,Odisha,brinjal
2018-06-01,2375.0,605.3580207888001,0.2051772610140076,0.0420977084372102,0.1852310629516765,Odisha,brinjal
2018-07-01,3009.722222166667,366.9322480299192,0.2368503520211939,0.0560980892525635,0.1536771985874999,Odisha,brinjal
2018-08-01,2430.5555556666664,607.2415366619207,-0.2137279345546261,0.0456796300089865,0.1924016127201877,Odisha,brinjal
2018-09-01,2379.1666666666665,364.12471154201495,-0.0213695686391535,0.0004566584638234,0.1604358409390526,Odisha,brinjal
2018-10-01,2770.833333333333,796.4003215859611,0.1523978309998437,0.0232250988934569,0.1298679373462978,Odisha,brinjal
2018-11-01,2241.6666666666665,592.6830080674255,-0.2119284804940697,0.0449136808445253,0.2049357329390815,Odisha,brinjal
2018-12-01,2187.5,483.4231238435608,-0.0244602975701608,0.0005983061572208,0.169891188204393,Odisha,brinjal
2019-01-01,2023.611111166667,418.175508800978,-0.0778757450370744,0.0060646316650794,0.1393602012820001,Odisha,brinjal
2019-02-01,1423.611111166667,398.79496345568793,-0.3516869146111254,0.123683685908693,0.2220047249578467,Odisha,brinjal
2019-03-01,2331.9444445,584.1347007871854,0.4935057654898314,0.2435479405717044,0.2280310635076801,Odisha,brinjal
2019-04-01,2518.75,658.9033660813499,0.077060301621592,0.0059382900860107,0.1888546804066962,Odisha,brinjal
2019-05-01,2538.8888888333336,633.6561068567004,0.0079637932692566,6.342200323545783e-05,0.1012329035283945,Odisha,brinjal
2019-06-01,2186.1111111666664,760.7511314583261,-0.1496023229894518,0.0223808550438402,0.2052859117032451,Odisha,brinjal
2019-07-01,2730.5555555,271.2141197336548,0.2223808716840043,0.0494532520909376,0.1783660921957701,Odisha,brinjal
2019-08-01,2608.333333333333,548.039434915246,-0.0457936409185579,0.0020970575485778,0.189529865325544,Odisha,brinjal
2019-09-01,2701.3888888333336,508.9571915553967,0.0350545962637731,0.0012288247192161,0.1484555901835474,Odisha,brinjal
2019-10-01,2952.777777833333,441.94610306588686,0.0889803028887268,0.0079174943021695,0.172528036918669,Odisha,brinjal
2019-11-01,3408.333333333333,725.383040576188,0.1434770663501492,0.0205856685684451,0.2011921163193036,Odisha,brinjal
2019-12-01,2613.8888888333336,911.1153455509664,-0.2653843051467861,0.0704288294182425,0.2045496597571748,Odisha,brinjal
2020-01-01,2483.333333333333,760.8474807008885,-0.0512373643906114,0.0026252675096962,0.295792325037557,Odisha,brinjal
2020-02-01,2466.6666666666665,765.7603338440096,-0.0067340321813444,4.534718941938331e-05,0.1353523868617552,Odisha,brinjal
2020-03-01,1744.4444445,620.608025220349,-0.3464315764921242,0.1200148371908185,0.2757307891542461,Odisha,brinjal
2020-04-01,1770.8333333333333,734.6224464913178,0.0150141105325358,0.0002254235150832,0.2729241726491916,Odisha,brinjal
2020-05-01,1594.4444444499998,727.1625898591587,-0.1049248807095306,0.0110092305919092,0.1521496030420569,Odisha,brinjal
2020-06-01,3500.0,1472.2431864335456,0.7862376036224727,0.6181695693500086,0.3751013724673295,Odisha,brinjal
2020-07-01,3087.5,777.5160770041994,-0.1254012665412727,0.0157254776501553,0.2508666274035703,Odisha,brinjal
2020-08-01,3975.0,962.5270558967852,0.2526630461522003,0.0638386148909089,0.1668442184176105,Odisha,brinjal
2020-09-01,2955.5555555000005,1087.2436551058374,-0.2963381096736581,0.087816275244957,0.2982012742255175,Odisha,brinjal
2020-10-01,4066.6666666666665,663.1155421359254,0.3191370246384641,0.1018484404950916,0.1770257017276509,Odisha,brinjal
2020-11-01,2391.6666666666665,884.7865404843261,-0.5308331900935261,0.2817838757048697,0.2721686111049146,Odisha,brinjal
2020-12-01,2595.833333333333,563.9179658622539,0.0819171224678863,0.0067104149534186,0.2225281025081228,Odisha,brinjal
2021-01-01,2320.833333333333,614.8198697360245,-0.1119812788601688,0.0125398068151588,0.1120121309231618,Odisha,brinjal
2021-02-01,1669.4444445,534.0634469576013,-0.329435413466963,0.1085276916461489,0.3427638728247215,Odisha,brinjal
2021-03-01,1708.3333333333333,414.7455712709768,0.0230273332380326,0.0005302580760554,0.1341185493440599,Odisha,brinjal
2021-04-01,1733.3333333333333,670.6133179576902,0.0145281005629094,0.000211065705966,0.1832256043842589,Odisha,brinjal
2021-05-01,2070.833333333333,777.3374249463499,0.1779047658353656,0.0316501057069362,0.1836506125579183,Odisha,brinjal
2021-06-01,3283.333333333333,1175.6794725698933,0.4609080637612504,0.2124362432401448,0.2461829256472417,Odisha,brinjal
2021-07-01,2095.833333333333,810.4032775243584,-0.44890791975814,0.2015183204215807,0.2516603040778516,Odisha,brinjal
2021-08-01,2069.4444445,799.7926043312111,-0.012671059801498,0.0001605557564931,0.2303472331759507,Odisha,brinjal
2021-09-01,2208.333333333333,539.6114857520691,0.0649578962479262,0.0042195282849563,0.1200674354938933,Odisha,brinjal
2021-10-01,3262.5,1584.0184921058635,0.3902556894446354,0.1522995031439077,0.2358143397602777,Odisha,brinjal
2021-11-01,2716.6666666666665,971.5394427859782,-0.1830881340641497,0.033521264835092,0.2383702589739034,Odisha,brinjal
2021-12-01,3780.5555555,1054.462152960567,0.3304653326019533,0.1092073360517196,0.1671145912602523,Odisha,brinjal
2022-01-01,2212.5,812.1152935390393,-0.5357478732866676,0.2870257837311872,0.2747463618391197,Odisha,brinjal
2022-02-01,2000.0,405.17485937144056,-0.1009759173400022,0.0101961358826549,0.1943151188043456,Odisha,brinjal
2022-03-01,2062.5,869.1171286618008,0.0307716586667536,0.0009468949771031,0.1327602808217646,Odisha,brinjal
2022-04-01,2316.6666666666665,951.168871558685,0.116210531681892,0.013504887673788,0.1610040848405429,Odisha,brinjal
2022-05-01,2525.0,1141.179944910822,0.0861116918187319,0.0074152234678842,0.1950204872095617,Odisha,brinjal
2022-06-01,3077.777777833333,842.7614807425982,0.1979667731478009,0.0391908432705528,0.1621515492854943,Odisha,brinjal
2022-07-01,3016.6666666666665,962.9237883769526,-0.0200553668313983,0.0004022177387419,0.2532414588423504,Odisha,brinjal
2022-08-01,3966.6666666666665,1703.8355424029503,0.2737736424056489,0.0749520072760561,0.1376192823716649,Odisha,brinjal
2022-09-01,3112.5,531.8501512017584,-0.2424998496585484,0.0588061770844185,0.3717735961037293,Odisha,brinjal
2022-10-01,2798.333333333333,653.9729012394592,-0.1064022599294318,0.0113214409180903,0.1133232520996738,Odisha,brinjal
2022-11-01,1920.8333333333333,769.5259182697415,-0.3762648822067369,0.1415752615820496,0.3374147795785256,Odisha,brinjal
2022-12-01,1920.8333333333333,533.9352072635363,0.0,0.0,0.153447684230254,Odisha,brinjal
2023-01-01,1933.3333333333333,594.1847823325296,0.0064865092296066,4.207480198577285e-05,0.1814310339012896,Odisha,brinjal
2023-02-01,1691.6666666666667,363.337155943194,-0.1335313926245227,0.0178306328162444,0.1905561021768125,Odisha,brinjal
2023-03-01,2233.333333333333,667.4994798166929,0.2777810014690693,0.0771622847771591,0.267042429588786,Odisha,brinjal
2023-04-01,1725.0,709.3130479555554,-0.2582681872454877,0.0667024565430703,0.1951743535576477,Odisha,brinjal
2023-05-01,2525.0,702.8216938408584,0.381014012244,0.1451716775262709,0.3031724924796206,Odisha,brinjal
2023-06-01,3241.6666666666665,911.6910417216764,0.2498465381090771,0.0624232926050905,0.1678755743347939,Odisha,brinjal
2023-07-01,4073.6111111666655,1131.8046947659698,0.2284422561445875,0.0521858643924293,0.2477736586046076,Odisha,brinjal
2023-08-01,3940.0,827.7479487541281,-0.0333491336711446,0.0011121647166158,0.1498667188126391,Odisha,brinjal
2023-09-01,3337.5,1017.1190933219176,-0.1659586995834754,0.0275422899674382,0.2043425151693225,Odisha,brinjal
2023-10-01,2708.333333333333,519.9492496602167,-0.208888584178676,0.0436344406001718,0.2224246270225463,Odisha,brinjal
2023-11-01,2965.277777833333,617.0497433237913,0.0906372741236678,0.0082151154605689,0.212934137824185,Odisha,brinjal
2023-12-01,4250.0,1389.2443989449805,0.3599482692649669,0.1295627565468451,0.1588077503843686,Odisha,brinjal
2024-01-01,2078.1944445,423.1113855682503,-0.715419521730321,0.5118250920728412,0.377964438138441,Odisha,brinjal
2024-02-01,2096.5277778333334,530.0319733167427,0.008783075957286,7.714242327145542e-05,0.1637167643562056,Odisha,brinjal
2024-03-01,1983.75,641.4887469784642,-0.055293544304809,0.0030573760417878,0.1370530556209032,Odisha,brinjal
2024-04-01,2181.9444445,657.3025803213219,0.0952274334124991,0.0090682640743319,0.2405009047965604,Odisha,brinjal
2024-05-01,2391.6666666666665,610.6121700574123,0.0917740467065941,0.0084224756489041,0.1429264248618617,Odisha,brinjal
2024-06-01,3470.833333333333,1180.9615315025671,0.3724042458472762,0.1386849223250786,0.2375692753622987,Odisha,brinjal
2024-07-01,3844.4444445,854.9781601311431,0.1022343859170575,0.0104518696638378,0.2405839811262727,Odisha,brinjal
2024-08-01,4137.5,1215.160311783319,0.0734626359612722,0.0053967588823784,0.1395312855813386,Odisha,brinjal
2024-09-01,3419.0,386.0915262818736,-0.1907436300460165,0.0363831324031316,0.2376328581330506,Odisha,brinjal
2024-10-01,4075.0,943.7293044088436,0.1755226360356605,0.0308081957609069,0.2350619272696513,Odisha,brinjal
